{
  "assets": [
    {
      "ticker": "005930.KS",
      "name": "삼성전자",
      "quantity": 1.0,
      "avg_price": 55600.0,
      "asset_type": "한국주식",
      "note": "",
      "added_at": "2026-02-26T12:05:21.351821"
    }
  ],
  "scraps": [
    {
      "id": "7ffa24dc8a3f",
      "title": "뉴욕증시 하락 마감...AI 투자 수익성 우려 재부각-[글로벌 마감 시황] - v.daum.net",
      "link": "https://news.google.com/rss/articles/CBMiT0FVX3lxTE1kbVVtYkNVYXZjY1JaRzFjaDRMUVRObDByb0xWSi0tWnM3U3pmcVBlTDRGR242eGd1OXUwRDNaSmNybmZUUVE2TkpaMWJ0aVU?oc=5",
      "summary": "<a href=\"https://news.google.com/rss/articles/CBMiT0FVX3lxTE1kbVVtYkNVYXZjY1JaRzFjaDRMUVRObDByb0xWSi0tWnM3U3pmcVBlTDRGR242eGd1OXUwRDNaSmNybmZUUVE2TkpaMWJ0aVU?oc=5\" target=\"_blank\">뉴욕증시 하락 마감...AI 투자 수익성 우려 재부각-[글로벌 마감 시황]</a>&nbsp;&nbsp;<font color=\"#6f6f6f\">v.daum.net</font>",
      "ticker": "시장전반",
      "category": "시장뉴스",
      "source": "v.daum.net",
      "scraped_at": "2026-02-26T11:54:30.312138"
    }
  ]
}